name;description
1107 - СЕЯЛКА;1107 Planter (1100 Series)(S.N. -099999)(South American Edition) - PC11559
1100 - СЕЯЛКА;1107 Planter (1100 Series)(S.N. -099999)(South American Edition) - PC11559
1100 - СЕЯЛКА;1107 Planter (1100 Series)(S.N. 100000- )(South American Edition) - PC12361
1107 - СЕЯЛКА;1107 Planter (1100 Series)(S.N. 100000- )(South American Edition) - PC12361
1100 - СЕЯЛКА;1109 Planter (1100 Series)(S.N. -099999)(South American Edition) - PC11560
1109 - СЕЯЛКА;1109 Planter (1100 Series)(S.N. -099999)(South American Edition) - PC11560
1100 - СЕЯЛКА;1109 Planter (1100 Series)(S.N. 100000-130099)(South America Edition) - PC12362
1109 - СЕЯЛКА;1109 Planter (1100 Series)(S.N. 100000-130099)(South America Edition) - PC12362
1109 - СЕЯЛКА;1109 Planter (S.N. 130100- )(South America Edition) - PC13846
1111 - СЕЯЛКА;1111 Planter (1100 Series)(S.N. -099999)(South American Edition) - PC11561
1100 - СЕЯЛКА;1111 Planter (1100 Series)(S.N. -099999)(South American Edition) - PC11561
1111 - СЕЯЛКА;1111 Planter (1100 Series)(S.N. 100000-130099)(South America Edition) - PC12363
1100 - СЕЯЛКА;1111 Planter (1100 Series)(S.N. 100000-130099)(South America Edition) - PC12363
1111 - СЕЯЛКА;1111 Planter (S.N. 130100- )(South America Edition) - PC13847
1100 - СЕЯЛКА;1113 Planter (1100 Series)(S.N. -099999)(South American Edition) - PC11562
1113 - СЕЯЛКА;1113 Planter (1100 Series)(S.N. -099999)(South American Edition) - PC11562
1113 - СЕЯЛКА;1113 Planter (1100 Series)(S.N. 100000-130099)(South America Edition) - PC12364
1100 - СЕЯЛКА;1113 Planter (1100 Series)(S.N. 100000-130099)(South America Edition) - PC12364
1113 - СЕЯЛКА;1113 Planter (S.N. 130100- )(South America Edition) - PC13848
2113 - СЕЯЛКА;2113 Planter (S.N. 100000-130099)(South America Edition) - PC12365
2113 - СЕЯЛКА;2113 Planter (S.N. 130100- )(South America Edition) - PC13756
2115 - СЕЯЛКА;2115 Planter (S.N. 100000-130099)(South American Edition) - PC12366
2115 - СЕЯЛКА;2115 Planter (S.N. 130100- )(South America Edition) - PC13757
2117 - СЕЯЛКА;2117 Planter (S.N. 100000-130099)(South America Edition) - PC12367
2117 - СЕЯЛКА;2117 Planter (S.N. 130100- )(South America Edition) - PC13758
2115 - СЕЯЛКА;Planters 2109, 2111, 2113, 2115, 2117, 2122, 2126, 2130 and 2134 VACUMETER and RadialMeter (S.N. -099999)(South American) - PC9464
2113 - СЕЯЛКА;Planters 2109, 2111, 2113, 2115, 2117, 2122, 2126, 2130 and 2134 VACUMETER and RadialMeter (S.N. -099999)(South American) - PC9464
2130 - СЕЯЛКА;Planters 2109, 2111, 2113, 2115, 2117, 2122, 2126, 2130 and 2134 VACUMETER and RadialMeter (S.N. -099999)(South American) - PC9464
2134 - СЕЯЛКА;Planters 2109, 2111, 2113, 2115, 2117, 2122, 2126, 2130 and 2134 VACUMETER and RadialMeter (S.N. -099999)(South American) - PC9464
2122 - СЕЯЛКА;Planters 2109, 2111, 2113, 2115, 2117, 2122, 2126, 2130 and 2134 VACUMETER and RadialMeter (S.N. -099999)(South American) - PC9464
2109 - СЕЯЛКА;Planters 2109, 2111, 2113, 2115, 2117, 2122, 2126, 2130 and 2134 VACUMETER and RadialMeter (S.N. -099999)(South American) - PC9464
2126 - СЕЯЛКА;Planters 2109, 2111, 2113, 2115, 2117, 2122, 2126, 2130 and 2134 VACUMETER and RadialMeter (S.N. -099999)(South American) - PC9464
2117 - СЕЯЛКА;Planters 2109, 2111, 2113, 2115, 2117, 2122, 2126, 2130 and 2134 VACUMETER and RadialMeter (S.N. -099999)(South American) - PC9464
2111 - СЕЯЛКА;Planters 2109, 2111, 2113, 2115, 2117, 2122, 2126, 2130 and 2134 VACUMETER and RadialMeter (S.N. -099999)(South American) - PC9464
2113 - СЕЯЛКА;2113 Planter (S.N. 100000-130099)(South America Edition) - PC12365
2113 - СЕЯЛКА;2113 Planter (S.N. 130100- )(South America Edition) - PC13756
2115 - СЕЯЛКА;2115 Planter (S.N. 100000-130099)(South American Edition) - PC12366
2115 - СЕЯЛКА;2115 Planter (S.N. 130100- )(South America Edition) - PC13757
2117 - СЕЯЛКА;2117 Planter (S.N. 100000-130099)(South America Edition) - PC12367
2117 - СЕЯЛКА;2117 Planter (S.N. 130100- )(South America Edition) - PC13758
2115 - СЕЯЛКА;Planters 2109, 2111, 2113, 2115, 2117, 2122, 2126, 2130 and 2134 VACUMETER and RadialMeter (S.N. -099999)(South American) - PC9464
2113 - СЕЯЛКА;Planters 2109, 2111, 2113, 2115, 2117, 2122, 2126, 2130 and 2134 VACUMETER and RadialMeter (S.N. -099999)(South American) - PC9464
2130 - СЕЯЛКА;Planters 2109, 2111, 2113, 2115, 2117, 2122, 2126, 2130 and 2134 VACUMETER and RadialMeter (S.N. -099999)(South American) - PC9464
2134 - СЕЯЛКА;Planters 2109, 2111, 2113, 2115, 2117, 2122, 2126, 2130 and 2134 VACUMETER and RadialMeter (S.N. -099999)(South American) - PC9464
2122 - СЕЯЛКА;Planters 2109, 2111, 2113, 2115, 2117, 2122, 2126, 2130 and 2134 VACUMETER and RadialMeter (S.N. -099999)(South American) - PC9464
2109 - СЕЯЛКА;Planters 2109, 2111, 2113, 2115, 2117, 2122, 2126, 2130 and 2134 VACUMETER and RadialMeter (S.N. -099999)(South American) - PC9464
2126 - СЕЯЛКА;Planters 2109, 2111, 2113, 2115, 2117, 2122, 2126, 2130 and 2134 VACUMETER and RadialMeter (S.N. -099999)(South American) - PC9464
2117 - СЕЯЛКА;Planters 2109, 2111, 2113, 2115, 2117, 2122, 2126, 2130 and 2134 VACUMETER and RadialMeter (S.N. -099999)(South American) - PC9464
2111 - СЕЯЛКА;Planters 2109, 2111, 2113, 2115, 2117, 2122, 2126, 2130 and 2134 VACUMETER and RadialMeter (S.N. -099999)(South American) - PC9464
Part Master;FRAME, FRAME
